Model,Metric,24h,5d
LSTM,Recall,0.8401680608497054,0.5650909146866046
LSTM,Precision,0.06976744532585144,0.16521738469600677
LSTM,AUC,0.8344110250473022,0.8197764754295349
Logistic,Recall,0.0,0.773109243697479
Logistic,Precision,0.0,0.03836530442035029
Logistic,AUC,0.7053878977333508,0.7929884825217215
XGBoost,Recall,0.8067226890756303,0.9159663865546218
XGBoost,Precision,0.23132530120481928,0.22520661157024793
XGBoost,AUC,0.9586880296673124,0.9809973494348234
