Model,Metric,24h,5d
LSTM,RMSE,26.853566125784393,24.83259257122771
CNN,RMSE,24.275719286459875,25.895903910762968
XGBoost,RMSE,23.259255124076397,23.263184956167123
